{
    "c_phi": 299001532.34509337,
    "h_phi": 0.08839233546353134,
    "G_phi": 0.0007462457592029133,
    "alpha_phi": 0.6561777644737721,
    "D0": 1.6127838567197355,
    "D2": 0.994510254807183
}